{
  "model_type": "biobert",
  "batch_size": 1,
  "seq_length": 128,
  "use_kv_cache": true,
  "precision": "fp32",
  "device": "cpu",
  "avg_latency_ms": 425.5462000000989,
  "tokens_per_second": 300.78990248290376,
  "memory_usage_mb": {
    "cpu_rss_start_mb": 885.75,
    "cpu_rss_end_mb": 1211.90234375,
    "cpu_rss_delta_mb": 326.15234375,
    "cpu_vms_start_mb": 5483.02734375,
    "cpu_vms_end_mb": 5485.15234375,
    "cpu_vms_delta_mb": 2.125
  },
  "timestamp": 1755884530.8902752,
  "gpu_info": null
}