{
  "model_type": "biobert",
  "batch_size": 1,
  "seq_length": 128,
  "use_kv_cache": true,
  "precision": "fp32",
  "device": "cpu",
  "avg_latency_ms": 361.0220779955853,
  "tokens_per_second": 354.54895365586265,
  "memory_usage_mb": {
    "cpu_rss_start_mb": 921.99609375,
    "cpu_rss_end_mb": 1240.24609375,
    "cpu_rss_delta_mb": 318.25,
    "cpu_vms_start_mb": 6158.36328125,
    "cpu_vms_end_mb": 6159.36328125,
    "cpu_vms_delta_mb": 1.0
  },
  "timestamp": 1755885392.1392612,
  "gpu_info": null
}