{"y_true": [1, 0, 1, 1, 0, 1, 0, 0, 1, 0, 1, 0, 0, 1, 0, 1, 1, 1, 0, 0, 0, 0, 0, 1, 1, 0, 0, 1, 0, 0, 1, 0, 1, 0, 0, 0, 1, 0, 1, 1, 1, 1, 1, 1, 0, 0, 0, 1, 1, 0, 0, 1, 1, 1, 0, 1, 0, 0, 0, 0, 1, 0, 1, 1, 0, 0, 1, 1, 1, 0, 0, 1, 1, 1, 0, 1, 0, 1, 1, 0, 1, 0, 0, 1, 1, 1, 0, 1, 1, 1, 1, 1, 0, 1, 1, 0, 0, 1, 0, 0, 1, 0, 1, 1, 1, 0, 1, 0, 0, 1, 0, 0, 1, 0, 1, 0, 1, 1, 0, 0, 1, 0, 1, 1, 1, 1, 0, 0, 1, 1, 0, 0, 1, 0, 0, 0, 0, 0, 1, 0, 0, 0, 1, 1, 0, 0, 1, 0, 0, 1, 1, 1, 1, 0, 1, 0, 1, 0, 0, 1, 0, 0, 0, 0, 1, 0, 0, 0, 1, 1, 1, 0, 1, 0, 1, 1, 0, 0, 0, 1, 0, 0, 0, 0, 0, 1, 1, 1, 0, 0, 0, 1, 1, 1, 1, 1, 1, 0, 1, 0, 1, 1, 0, 0, 1, 1, 1, 1, 0, 0, 1, 0, 0, 0, 0, 1, 1, 0, 0, 1, 1, 0, 1, 1, 1, 1, 0, 1, 1, 0, 1, 1, 0, 0, 1, 1, 1, 0, 0, 1, 1, 0, 0, 1, 1, 1, 1, 0, 1, 1, 1, 0, 1, 0, 0, 0], "scores_a": [0.9998838901519775, 0.001030496321618557, 0.9996399879455566, 0.9996993541717529, 0.0003108116507064551, 0.9998290538787842, 0.0004954675096087158, 0.008240391500294209, 0.9926711320877075, 0.0007492164731957018, 0.9998838901519775, 0.00032601156271994114, 0.00018437940161675215, 0.9570928812026978, 0.00022848685330245644, 0.9998869895935059, 0.9994854927062988, 0.999798595905304, 0.0007183460402302444, 0.00041350824176333845, 0.022656384855508804, 0.04481366276741028, 0.9907523393630981, 0.9998834133148193, 0.9965078234672546, 0.0003523359773680568, 0.0019384411862120032, 0.9996742010116577, 0.008490564301609993, 0.002993971575051546, 0.9998767375946045, 0.0033788017462939024, 0.9998878240585327, 0.05138228461146355, 0.00018439083942212164, 0.0002833244507201016, 0.9991298317909241, 0.01295476220548153, 0.9991269707679749, 0.9997716546058655, 0.9998881816864014, 0.9996800422668457, 0.9997768998146057, 0.9998315572738647, 0.004431364592164755, 0.002729208907112479, 0.039901766926050186, 0.9998636245727539, 0.9998326301574707, 0.0002226940996479243, 0.0007920439820736647, 0.9998251795768738, 0.9986221790313721, 0.9997410178184509, 0.0008983308216556907, 0.9998681545257568, 0.00033142647589556873, 0.002665180480107665, 0.0018796419026330113, 0.12567421793937683, 0.9998378753662109, 0.00032279297010973096, 0.9894513487815857, 0.9997650980949402, 0.8576424717903137, 0.001775852288119495, 0.8316652178764343, 0.9998911619186401, 0.9981695413589478, 0.13837334513664246, 0.0041599939577281475, 0.9998536109924316, 0.9996333122253418, 0.9746877551078796, 0.0004883714718744159, 0.9998138546943665, 0.00024408196622971445, 0.9998049139976501, 0.9998239874839783, 0.0003720970416907221, 0.9998527765274048, 0.00035730941453948617, 0.07848933339118958, 0.9030231237411499, 0.9997909665107727, 0.9995244741439819, 0.000336460885591805, 0.003908135462552309, 0.9980431795120239, 0.9974119067192078, 0.9997256398200989, 0.9998171925544739, 0.9985194802284241, 0.0006080721504986286, 0.9997764229774475, 0.9993116855621338, 0.002421170473098755, 0.9947522878646851, 0.00018284350517205894, 0.0025220264215022326, 0.9998075366020203, 0.002478972775861621, 0.9876547455787659, 0.9998694658279419, 0.9983878135681152, 0.01605115458369255, 0.9995095729827881, 0.9410337209701538, 0.005166510585695505, 0.9998679161071777, 0.000316882214974612, 0.0008253508131019771, 0.9824227094650269, 0.00021168726379983127, 0.9997478127479553, 0.9968371391296387, 0.9998302459716797, 0.9997507929801941, 0.9873793125152588, 0.00856489222496748, 0.9998489618301392, 0.997744083404541, 0.9857877492904663, 0.007454473990947008, 0.9992351531982422, 0.9998750686645508, 0.01766793429851532, 0.00036409858148545027, 0.9997511506080627, 0.9998844861984253, 0.00020348480029497296, 0.0002680769539438188, 0.9998564720153809, 0.0004533145111054182, 0.0007680049748159945, 0.9202579855918884, 0.0012784985592588782, 0.0002444604178890586, 0.9998264908790588, 0.0003954741405323148, 0.0003707246796693653, 0.00020975404186174273, 0.008289740420877934, 0.9995518326759338, 0.00027267198311164975, 0.8561837673187256, 0.999845027923584, 0.025758419185876846, 0.00019833070109598339, 0.990090012550354, 0.9998157620429993, 0.9998273253440857, 0.998794436454773, 0.0012606934178620577, 0.9997395873069763, 0.0007105392869561911, 0.9997184872627258, 0.0002959260600619018, 0.9935868978500366, 0.999848484992981, 0.00024104354088194668, 0.0008527583559043705, 0.00028131197905167937, 0.0015765820862725377, 0.9994459748268127, 0.0010733206290751696, 0.0012212360743433237, 0.00027332609170116484, 0.9998869895935059, 0.9998409748077393, 0.9998894929885864, 0.9779419302940369, 0.744144082069397, 0.00031173875322565436, 0.9996410608291626, 0.9984622001647949, 0.04194577410817146, 0.00048697556485421956, 0.33409565687179565, 0.9998875856399536, 0.004604623652994633, 0.00024106402997858822, 0.0004821591137442738, 0.9996402263641357, 0.6638619899749756, 0.9998592138290405, 0.9934484362602234, 0.9994576573371887, 0.0022490399423986673, 0.0004635294317267835, 0.004587068222463131, 0.9968551397323608, 0.9809227585792542, 0.993157684803009, 0.9979851245880127, 0.9222427010536194, 0.9935731291770935, 0.00020278328156564385, 0.9998760223388672, 0.0003620149800553918, 0.8093152046203613, 0.9878334999084473, 0.0006408313056454062, 0.00023008973221294582, 0.999560534954071, 0.9979269504547119, 0.999852180480957, 0.9998874664306641, 0.0002735510643105954, 0.0035914930049329996, 0.9995075464248657, 0.014511345885694027, 0.0007653908105567098, 0.9758961200714111, 0.002476474503055215, 0.9931612014770508, 0.9964702129364014, 0.0006278594373725355, 0.17168861627578735, 0.9982423782348633, 0.9913846254348755, 0.00021844357252120972, 0.998992383480072, 0.9993698000907898, 0.9992266893386841, 0.9997407793998718, 0.00020474981283769011, 0.9998724460601807, 0.9998124241828918, 0.0005737543688155711, 0.35969245433807373, 0.999826967716217, 0.007078669965267181, 0.00043746765004470944, 0.9997979998588562, 0.9969412684440613, 0.9984208345413208, 0.000531886937096715, 0.0005114796804264188, 0.9998552799224854, 0.9976603984832764, 0.00025816194829531014, 0.00021805941651109606, 0.036883533000946045, 0.9998823404312134, 0.9981143474578857, 0.999767005443573, 0.00030666030943393707, 0.03783875331282616, 0.8497809171676636, 0.999734103679657, 0.000415758608141914, 0.9998739957809448, 0.011223850771784782, 0.0002898141392506659, 0.0004808964440599084],