{
  "model": "distilbert-base-uncased-finetuned-sst-2-english",
  "dataset_csv": "reports/sst2_validation.csv",
  "limit": 256,
  "comparisons": [
    {
      "pair": "baseline_vs_dynamic8",
      "baseline_metrics": {
        "accuracy": 0.9140625,
        "precision_macro": 0.916128635553096,
        "recall_macro": 0.9132824427480917,
        "f1_macro": 0.9138047138047137,
        "precision_micro": 0.9140625,
        "recall_micro": 0.9140625,
        "f1_micro": 0.9140625,
        "confusion_matrix": [
          [
            110,
            15
          ],
          [
            7,
            124
          ]
        ],
        "labels": [
          "0",
          "1"
        ]
      },
      "optimized_metrics": {
        "accuracy": 0.90625,
        "precision_macro": 0.9082580089774335,
        "recall_macro": 0.9054656488549618,
        "f1_macro": 0.9059687786960513,
        "precision_micro": 0.90625,
        "recall_micro": 0.90625,
        "f1_micro": 0.90625,
        "confusion_matrix": [
          [
            109,
            16
          ],
          [
            8,
            123
          ]
        ],
        "labels": [
          "0",
          "1"
        ]
      },
      "mcnemar": {
        "b": 4,
        "c": 6,
        "statistic": 0.1,
        "pvalue": 0.951229424500714,
        "exact": false
      },
      "thresholds": {
        "accuracy": 0.95,
        "f1_macro": 0.92
      },
      "threshold_results": {
        "baseline": {
          "accuracy": false,
          "f1_macro": false
        },
        "optimized": {
          "accuracy": false,
          "f1_macro": false
        }
      }
    },
    {
      "pair": "baseline_vs_bnb8",
      "baseline_metrics": {
        "accuracy": 0.9140625,
        "precision_macro": 0.916128635553096,
        "recall_macro": 0.9132824427480917,
        "f1_macro": 0.9138047138047137,
        "precision_micro": 0.9140625,
        "recall_micro": 0.9140625,
        "f1_micro": 0.9140625,
        "confusion_matrix": [
          [
            110,
            15
          ],
          [
            7,
            124
          ]
        ],
        "labels": [
          "0",
          "1"
        ]
      },
      "optimized_metrics": {
        "accuracy": 0.91796875,
        "precision_macro": 0.9196143453696881,
        "recall_macro": 0.9172824427480917,
        "f1_macro": 0.9177566662077195,
        "precision_micro": 0.91796875,
        "recall_micro": 0.91796875,
        "f1_micro": 0.91796875,
        "confusion_matrix": [
          [
            111,
            14
          ],
          [
            7,
            124
          ]
        ],
        "labels": [
          "0",
          "1"
        ]
      },
      "mcnemar": {
        "b": 1,
        "c": 0,
        "statistic": 0.0,
        "pvalue": 1.0,
        "exact": false
      },
      "thresholds": {
        "accuracy": 0.95,
        "f1_macro": 0.92
      },
      "threshold_results": {
        "baseline": {
          "accuracy": false,
          "f1_macro": false
        },
        "optimized": {
          "accuracy": false,
          "f1_macro": false
        }
      }
    }
  ],
  "signoff": {
    "date": "2025-08-31T07:57:05.100912Z"
  }
}